package|requirement
colorcorrect|
pytest-quickcheck|pytest
django-sms|Django
django-sms|
django-sms|twilio
django-watson|
MozillaPulse|kombu
MozillaPulse|
easywebdav|
django-mail-templated|
Products.ZODBFriendlyCounter|
raptus.notification|
streaming-fileutils|
django-pseudo-cms|Django
django-pseudo-cms|django-image-helper
django-pseudo-cms|
django-liveserver|
cmsplugin-text-ng|
HTSQL-ORACLE|
basecamp|
bit.recipe.android_ndk|
virtstrap-sample-plugin|
python-cloudfiles|
wirecloud-pubsub|
brigit|
NoAho|
ftw.pdfgenerator|
pdbparse|
python-datetime-tz|
python-datetime-tz|python-dateutil
Products.FakeZopeUser|
ciciol|
django-zipfile|six
tiddlywebplugins.csrf|
django-engineplate|
djungle-favicons|
alcohol|
shelly|
collective.archiveviewer|
ncnyt|
proofcheck|
socialite|
django-site-access|
brubeck-oauth|
jalon.apogee|
async_http|
filemagic|
django-menuz|
django-common-tivix|
cartesius|
trello|
tw2.forms|
django-openbudget|
stanislaw|
timeouts|
coop-colorbox|
eqb.recipe.uwsgi|
md5creator|
PyRCC8|
sphinxcontrib-scaladomain|
easydb|
GitTornado|
pyurfa|
gpxpy|
pyramid_subscribers_beaker_https_session|
Csys|
py-sonic|
django-pickling|
interruptingcow|
metrology|
metrology|requests
django-tables2|Django
django-tables2|
scielo-django-extensions|
django-submodel|
pytun|
favssh|
NoseTwilio|
nsms|
watcard|
grs|
django-leaflet|Django
django-leaflet|
djungle-jquery|
PyCPUID|
python-pytun|
Currency|
pymemc|
collective.conference|
flickr-spellcheckr|
dm.saml2|
PyMind|
mesh|
benchmark-harness|
CydraTrac|
pyramid-celery|pyramid
pyramid-celery|celery
PyFixation|
python-intercom|
pinocchio|colorama
rfc3987|
cql|
log-colorizer|
modernize|
modernize|pytest
modernize|pytest-cov
modernize|coverage
tw2.jqplugins.cookies|
scgiwsgi|
geodjango-tigerline|
brubeck-uploader|
palette_detect|
clime|
cloudtee|
brutius_slurmimus|
flask-heroku|
pylms|
convoy|
swmmout|
django-sct|
autobahntestsuite|setuptools
autobahntestsuite|
autobahntestsuite|Werkzeug
autobahntestsuite|unittest2
pyccv|
curlish|
django-metro-tiny|
raptus.article.collections|
mdemos.all|
LFPy|
ginsfsm|
opendata|
django-newrelic-extensions|
RayQT-Timetable|
faadata|
Flask-GoogleFed|
bf3stats|
Soapbox|
CydraHgWebdir|
dict2xml|
mysql-connector-repackaged|
lighty-template|
datasift|
contpl|
tambo|
remote-webkit-debug|
pygp|
vidscraper|
winshell|
fedmsg|
gtfsni|
me2-packager|
python-smpp|
django-webleads|
CmakePy|
django-handlebars|
dm.xmlsec.pyxb|
python-cloudcracker|
django-backup|
requests-oauth2|
tailor|
ranivris_test|
tw2.core|
jep|
osmium|requests
tendo|
tendo|pip
tendo|setuptools
tendo|six
Flask-Security|Flask
Flask-Security|
Flask-Security|Flask-Mail
Flask-Security|Flask-Principal
Flask-Security|Flask-WTF
Flask-Security|itsdangerous
Flask-Security|passlib
Flask-Security|Sphinx
Flask-Security|Flask-SQLAlchemy
Flask-Security|coverage
Flask-Security|mock
Flask-Security|pytest-cov
Flask-Security|pytest-pep8
Flask-Security|pytest
inlinestyler|
inlinestyler|lxml
inlinestyler|requests
jplephem|
circus|
circus|tornado
circus|nose
circus|nose-cov
circus|coverage
circus|mock
circus|gevent
circus|PyYAML
circus|flake8
rauth|
nose-parameterized|
django-braces|Django
robotframework-selenium2library|
cerebrod|
slugger|
ISIpy|
al_papi|
python-zonediff|
backlift|
qalsadi|
qalsadi|six
django-serverpush|
trappist|
reparted|
futuregrid.cloud.metric|
pylibgal3|
datahaven|
xflash|
factored|
webapp2_static|
robotframework-workbench|
greenet|
seedboxtools|
metapdf|
newman|
Marrja_Mail|
django-hinting-cache|
thoonk|
teamspeaknotifier|
django-timezones2|
z3wingdbg|
formatflowed|setuptools
cmsplugin-nivoslider|
imposm.geocoder|
aufmachen|
mdemos.menus|
wx_py|
collective.codemirror|
bit.recipe.android_sdk|
rebecca.fanstatic|
dogpile|
pywidl|
tgapp-photos|
pyramid-basemodel|pyramid
pyramid-basemodel|pyramid-tm
pyramid-basemodel|requests
pyramid-basemodel|SQLAlchemy
pyramid-basemodel|zope.interface
pyramid-basemodel|zope.sqlalchemy
pyramid-basemodel|
pyramid-basemodel|inflect
pyramid-basemodel|pytest
pyramid-basemodel|pytest-cov
pyramid-basemodel|mock
glitter|
lfs-order-numbers|
Flask-Shelve|
django-simple-aes-field|
pippy|
django-cities-tiny|
mmailer|
urlparse2|
reviewboard_db_auth|
pactors|
foc-forecaster|
negotiator|
genomes|
kip|
emdash|
termsaver|
Google-Music-Playlist-Importer|
django-coop|
coop-agenda|
git-recipe|
Products.RefBiblioParser|
jsonrpc_wrapper|
Flask-WhooshAlchemy|
tw2.jqplugins.elrte|
hashcache|
tiddlywebplugins.sqlalchemy3|
errormator-client|
importtools|
collective.mass_subscriptions|
django-render|
python-mindmeister|
toCSS|
me2-supervisor|
ofxstatement|
tornado-redis|
altered-states|
vs.tdi|
python-exacttarget|
cookies|
avalanche|
isotoma.recipe.postdeploy|
Flask-MimeRender|
tkintertable|
stathat|
streaming_httplib2|
bebop-server|
ServiceAgent007|
kotti_events|
django-badbrowser|
django-usertools|
Products.EnhancedNewsItemImage|
tw2.captcha|
slc.clicktracker|
hrdns|
TwistedGit|
django-sortable|
mittun|
pyramid_signup|
django-tumblelog|
repoze.who-x509|
pbs|
mttm|
avi2mkv|
dm.zope.saml2|
setman|
tl.pkg|
ZPsycopgDA|
django-maintenancemode|
django-maintenancemode|six
django-maintenancemode|pytest
django-maintenancemode|pytest-cov
SmartviewDataCollector|
pyramid_ldap|pyramid
pyramid_ldap|six
pyramid_ldap|ldappool
pyramid_ldap|python-ldap
pyramid_ldap|Sphinx
pyramid_ldap|
ztfy.mail|
pdb4qt|
tw2.lesscss|
Products.windowZ|
geocamUtil|
deform_jinja2|
django-nadb|
django-google-tools|
atomic|
pytkmdiapp|
ZenPacks.lbn.Base|
pyToXml|
tokenlib|
lazy_slides|
tw2.jqplugins.jqplot|
vulture|
noseOfYeti|
sphinxcontrib-taglist|
abhi|
django-simple-contact|
mordor|
pygrep|six
tr8cks|
django-admin-decorators|
djungle-modernizer|
pyramid_appengine|
configuration|
djungle-analytics|
python-safe|
pip2pi|pip
mathtools|
Products.CMFPlomino|
jsb3|
revolver|
django-fbapps|
dj|
pyramid_simpleauth|
btcnet_info|
HTSQL-MYSQL|
nova_limits|
push_to_talk|
daemonize|
epostkr|
bit.recipe.python_for_android|
libmagic|
lodstats|
trytond_health_qrcodes|
Flask-MustacheJS|
bake|
py_email_validation|
timespan|
Products.IssueDealer|
ecl_facebook|
pagepress|
jsongit|
event|
BOORL|
fakeredis|
fakeredis|six
fakeredis|lupa
slc.quickchangenote|
ZenPacks.lbn.LDAPMonitor|
WHIPS|
insecure-but-secure-enough|
dynamodb-mapper|
django-sprites|
eplist|
qc|
Flask-JSONPages|
sphinxcontrib-fancybox|
phonehub|
libtopic|
GaeAssetBundler|
PubliForge|
dictmapper|
dotconf|
trminer|
libeventhub|
Products.ImageCaptionValidator|
python-epsg|
SQLAntaresia|
pyadb|
mapq|
placeholder|
tiddlywebplugins.devstore2|
django-dbbackup|
django-shop-discounts|
aware|
django-drapes|
mylit|
django-immutablemodel|
django-smarter|
funny-codes|
collective.z3cform.addablechoice|
Products.ForumPage|
http1|
cykooz.djangopaste|
FlotypeBridge|
bullseye|
Githubv2|
krbcontext|
pyprint_r|
paydirt|
espy|
collective.teaser|
identeco|
Flask-Split|
panama|
charbeat|
jb.recipe.supervisor|
geonode-extract|
pingdom-python|
bda.plone.wfintranet|
django-hallo-markdown|
django-modular-languages|
django-templatetag-handlebars|
ftp_bruteforce|
pcard|
django-serene|
django-moat|
matsya|
getpaid.upay|
django-keyboard-shortcuts|
fccdata|
pyflycapture2|
Cydra|
wsgi_party|
pyfnordmetric|
dummycache|
pypres|
slc.facetedcalendar|
coop-tag|
armstrong.cli.experimental|
jinjastatic|
malconstrict|
django-blog-zinnia|
django-blog-zinnia|django-mptt
django-blog-zinnia|django-tagging
django-blog-zinnia|django-xmlrpc
django-blog-zinnia|pyparsing
django-blog-zinnia|regex
boty|
django-ssheepdog|
CydraGitHTTP|
experimental.pythonpackages|
Flask-Administration|
virustotal|
BatchQ|
pg_fabrep|
collective.tinymceplugins.codemagic|
hieroglyph|setuptools
hieroglyph|Sphinx
django-pybrowscap|
mr.crabby|
libqutrub|
django-pushserver|
tate_bilinear_pairing|
django-rms|
glyph-rpc|
redtape|
django-openportfolio|
jabbatron|
Stache|
HTSQL-PGSQL|
fnordstalk|
factual-api|
pyautocad|
smssluzbacz-api|
django-site-maintenance|
pybencoder|
nexodyne|
raptus.princexml|
pyy|
ConfigViper|
rosci|
django_slumber|
callchain|
git-crucible|
ftw.tooltip|
tw2.jqplugins.elfinder|
myModule|
dogbutler|
django-bakery|six
django-bakery|
collective.spaces|
assertEquals|
Flask-Cache-PyLibMC|
djeploy|
fabric-taskset|
cmsplugin-filer-html5video|
django-announce|
pylogsparser|
plastclient|
simpypi|
slimish-jinja|
cbv_utils|
tw2.util.html5shim|
Flask-Social|
rmtree|
mmlx|
csvfilter|
django_friendlyurls|
fsdir|
CommandParser|
Notable|
phylonetwork|
clojure_py|
django-nosqladmin|
gperf|
lfs_sofortueberweisung|
piano|
PythonInterfaces|
relaxml|
imagehelper|
python-omgeo|requests
django-dockitcms|
cmsplugin_zinnia|
yafowil.zope2|
webtail|
mougeon|
argfarce|
django-pipeline-compass|
virtstrap-ruby-bundler|
jalonedit.content|
ColanderAlchemy|colander
ColanderAlchemy|SQLAlchemy
ftw.contentmenu|
repoze.tm2|
raptus.article.alias|
python-luxio|
sipxmldevices|
memcache-cli|
biskit|
Products.BastionCrypto|
CocoRPy27|
lava-scheduler|
fswrap|
leocornus.recipe.wpmw|
md5cracker|
django-bankdownloads|
pyrasite-gui|
revelation-indicator|
Tabby|
pygmyplot|
three|
chromium_compact_language_detector|
repoze.what-x509|
python-mpd2|Twisted
treecompare|
inferno|
pyp|
HTSQL-MSSQL|
Volt|
sqlalchemy-citext|
gyroid|
iboto|
pool|
longcat|
vzaar|
ses2|
rebar|
qdb|
python-stathat|
openerp_pastertemplates|
bongo|
yafowil.widget.array|
micawber|
mass|
PresentationViewer|
tracefront|
coop-geo|
taxtastic|DendroPy
taxtastic|PyYAML
taxtastic|decorator
taxtastic|
taxtastic|six
Products.PageTemplateFilledSlots|
rpc|
git-sweep|
setuptools_webdav|
MobileWorks|
pyramid_soap|
django-javascript-settings|
html2list|
locales-test|
xworkflows|
xworkflows|flake8
xworkflows|Sphinx
django-cms-fragments|
mmpy|
django-optimizations|
flakeplus|
django-dockit|
honcho|colorama
honcho|
PyOpenLCB|
CydraTwistedGit|
Mezzanine-Widgets|
mdemos.feeds|
testosterone|
Flask-Raptor|
djungle-bootstrap|
jubatus|
grader|
pyneurgen|
emen2|
anykeystore|
pypi.trashfinder|
crawley-dev|
systray_file_watcher|
jsonurl|
draxoft.pkginfo|
Flask-And-Redis|Flask
Flask-And-Redis|
peer|
django-mixins|
pyramid_webassets|pyramid
pyramid_webassets|
pyramid_webassets|zope.interface
pyramid_webassets|six
pyramid_webassets|PyYAML
goristock|
django-cli-query|
Desire2Download|
yafowil.plone|
zc.resumelb|
zerorpc|
zerorpc|gevent
pykinect|
rosinstall_shellcompletion|
speedyxml|
plone.app.event-ploneintegration|
MultipartPostHandler2|
borg|
django-twilio|setuptools
django-twilio|twilio
django-twilio|
django-twilio|phonenumbers
django-twilio|Django
gum-audio|
vumi|
vumi|zope.interface
vumi|Twisted
vumi|txAMQP
vumi|PyYAML
vumi|iso8601
vumi|pyOpenSSL
vumi|certifi
vumi|wokkel
vumi|txredis
vumi|riak
vumi|txJSON-RPC
jalon.edit|
DarTui|
watching-testrunner|
Products.CMFNotification|
tornado-utils|
virtWorld|
ftw.recipe.deployment|
turnstile|
taskhelm|
python-ultramemcached|
tiddlywebplugins.mysql3|
